sim,class,acc
1,NEG,0.402062
1,COR,0.865979
1,MLM,0.927835
1,MAN,0.855670
2,NEG,0.481928
2,COR,0.952381
2,MLM,0.963855
2,MAN,0.909091
3,NEG,0.481928
3,COR,0.904762
3,MLM,0.903614
3,MAN,0.831325
4,NEG,0.336364
4,COR,0.805556
4,MLM,0.900000
4,MAN,0.909091